0,1,2,3,4,5,6,7,8,9,10,11,12,13,14,15
0,"March 13,  2021",Svelko,Alton,Anna,James,Austin,Hillary,Edward,Valerie,Chrissa,Charmaine,1661.5,282,201,205
1,"March 14,  2021",Svelko,Anna,James,Austin,Hillary,Edward,Valerie,Jenna,Layla,Charmaine,1660.5,283,201,204
2,"March 15,  2021",Svelko,James,Austin,Hillary,Edward,Valerie,Layla,Alton,Lauren,Charmaine,1681.0,282,202,204
3,"March 16,  2021",Svelko,James,Austin,Hillary,Valerie,Layla,Lauren,Paul,Jenna,Charmaine,1669.5,282,203,206
4,"March 17,  2021",Svelko,James,Austin,Hillary,Valerie,Lauren,Paul,Jenna,Edward,Charmaine,1683.0,283,204,209
5,"March 18,  2021",Svelko,James,Hillary,Valerie,Lauren,Paul,Jenna,Layla,Charlie,Ana,1710.5,284,205,210
6,"March 20,  2021",Svelko,Hillary,Valerie,Lauren,Paul,Layla,Charlie,Alex,Alton,Janelle,1715.0,285,206,210
7,"March 21,  2021",Svelko,Hillary,Lauren,Paul,Layla,Charlie,Alton,Jake,James,Janelle,1694.5,284,207,203
8,"March 22,  2021",Svelko,Hillary,Paul,Charlie,Alton,Jake,James,Jenna,Satchel,Janelle,1692.0,283,208,202
9,"March 23,  2021",Svelko,Paul,Charlie,Jake,James,Satchel,Alex,Anna,George,Janelle,1666.0,283,208,200
10,"March 24,  2021",Paul,Charlie,Jake,James,Satchel,Alex,Anna,George,Alton,Janelle,1671.0,283,208,195
11,"March 25,  2021",Charlie,Jake,James,Satchel,Anna,Alton,Layla,Paul,Chrissa,Janelle,1674.0,283,208,196
12,"March 27,  2021",Charlie,Jake,James,Satchel,Anna,Alton,Layla,Paul,George,Jacob,1666.0,282,208,194
13,"March 28,  2021",Charlie,James,Anna,Alton,Layla,Paul,George,Valerie,Alex,Jacob,1673.0,284,208,195
14,"March 29,  2021",Charlie,James,Anna,Layla,Paul,George,Valerie,Alex,Lauren,Janelle,1680.0,286,208,196
15,"March 30,  2021",Charlie,Anna,Paul,George,Valerie,Alex,Satchel,Jenna,Chrissa,Janelle,1687.0,285,208,199
16,"March 31,  2021",Charlie,Anna,George,Valerie,Alex,Jenna,Edward,Alton,Hillary,Janelle,1687.0,285,208,199
17,"April 01,  2021",Charlie,Anna,George,Valerie,Alex,Jenna,Edward,Alton,Hillary,Janelle,1694.0,284,208,202
18,"April 03,  2021",Charlie,Anna,Valerie,Jenna,Alton,Hillary,Lauren,Satchel,Paul,Janelle,1718.5,286,209,208
19,"April 04,  2021",Charlie,Valerie,Jenna,Alton,Hillary,Lauren,Satchel,George,Layla,Janelle,1718.0,286,210,207
20,"April 05,  2021",Charlie,Valerie,Alton,Lauren,Satchel,George,Layla,Paul,Chrissa,Janelle,1723.0,287,210,208
21,"April 06,  2021",Charlie,Valerie,Alton,Lauren,Satchel,Layla,Paul,Chrissa,Hillary,Janelle,1743.0,288,210,214
22,"April 07,  2021",Charlie,Alton,Satchel,Layla,Chrissa,Hillary,Alex,James,Austin,Janelle,1746.5,290,211,213
23,"April 08,  2021",Charlie,Alton,Satchel,Layla,Hillary,Alex,James,Austin,Jenna,Janelle,1741.5,289,211,212
24,"April 10,  2021",Alton,Satchel,Layla,Alex,James,Austin,Jenna,Lauren,Edward,Janelle,1738.0,289,212,210
25,"April 11,  2021",Alton,Satchel,Layla,James,Jenna,Lauren,Hillary,Austin,Edward,Janelle,1750.0,289,212,214
26,"April 12,  2021",Alton,Satchel,Layla,James,Lauren,Hillary,Edward,Chrissa,Austin,Janelle,1763.5,290,213,217
27,"April 13,  2021",Satchel,Layla,Lauren,Hillary,Edward,Austin,Alton,James,Svelko,Ana,1749.5,290,213,219
28,"April 14,  2021",Layla,Lauren,Hillary,Austin,Alton,James,Svelko,Satchel,Alex,Ana,1779.0,290,214,228
29,"April 15,  2021",Lauren,Hillary,Austin,Alton,James,Svelko,Alex,Edward,Charlie,Ana,1809.5,291,215,230
30,"April 17,  2021",Lauren,Austin,Alton,James,Alex,Charlie,Jake,Layla,Paul,Ana,1815.5,291,215,232
31,"April 18,  2021",Austin,Alton,James,Alex,Charlie,Jake,Layla,Anna,Chrissa,Ana,1838.0,292,216,238
32,"April 19,  2021",Austin,Alton,James,Alex,Charlie,Jake,Layla,Chrissa,Paul,Charmaine,1846.0,296,216,238
33,"April 20,  2021",Austin,Alton,James,Charlie,Layla,Chrissa,Paul,Edward,Alex,Charmaine,1862.5,297,217,242
34,"April 21,  2021",Alton,Charlie,Layla,Paul,Alex,George,James,Austin,Jake,Charmaine,1872.0,296,218,245
35,"April 22,  2021",Alton,Charlie,Layla,Paul,Alex,George,Austin,Jake,Lauren,Charmaine,1866.0,296,218,243
36,"April 24,  2021",Charlie,Layla,Paul,George,Jake,Lauren,James,Alton,Edward,Charmaine,1874.5,296,219,245
37,"April 25,  2021",Charlie,Layla,Paul,George,Jake,James,Alton,Edward,Alex,Charmaine,1890.5,295,219,251
38,"April 26,  2021",Layla,Paul,Jake,James,Alton,Edward,Charlie,Valerie,George,Charmaine,1895.5,296,219,252
39,"April 27,  2021",Layla,Paul,Jake,Alton,Edward,Charlie,Valerie,Austin,Satchel,Charmaine,1903.5,297,219,254
40,"April 28,  2021",Layla,Paul,Jake,Edward,Charlie,Valerie,Austin,Satchel,Lauren,Charmaine,1907.5,296,219,256
41,"April 29,  2021",Paul,Jake,Edward,Charlie,Austin,Lauren,Layla,Chrissa,Alton,Charmaine,1921.5,297,219,260
42,"May 01,  2021",Paul,Jake,Charlie,Austin,Lauren,Chrissa,Alton,Valerie,Hillary,Charmaine,1906.0,297,220,254
43,"May 02,  2021",Paul,Jake,Charlie,Austin,Lauren,Chrissa,Alton,Valerie,James,Jacob,1899.0,298,220,251
44,"May 03,  2021",Paul,Jake,Austin,Lauren,Chrissa,Valerie,James,Hillary,Alex,Ana,1908.0,298,220,254
45,"May 04,  2021",Jake,Austin,Chrissa,Valerie,James,Hillary,Alex,Edward,Layla,Ana,1910.5,299,219,255
46,"May 05,  2021",Austin,Chrissa,Valerie,James,Hillary,Edward,Alton,Lauren,Layla,Ana,1909.5,300,219,254
47,"May 06,  2021",Austin,Chrissa,Valerie,Hillary,Edward,Alton,Lauren,Layla,Charlie,Ana,1909.5,300,219,254
48,"May 08,  2021",Austin,Chrissa,Hillary,Edward,Lauren,Layla,George,Satchel,Svelko,Ana,1931.5,302,219,260
49,"May 09,  2021",Chrissa,Edward,Lauren,Layla,Satchel,Svelko,Valerie,Alton,Anna,Ana,1909.5,304,219,258
50,"May 10,  2021",Chrissa,Edward,Layla,Satchel,Svelko,Valerie,Alton,Anna,Jenna,Ana,1942.0,306,220,260
51,"May 11,  2021",Chrissa,Edward,Satchel,Svelko,Alton,Anna,Jenna,Lauren,James,Ana,1947.0,307,220,261
52,"May 12,  2021",Chrissa,Edward,Satchel,Alton,Anna,Jenna,Lauren,James,Valerie,Ana,1968.5,309,221,266
53,"May 13,  2021",Edward,Satchel,Anna,Jenna,James,Jake,Alex,Lauren,Layla,Janelle,1965.5,309,221,265
54,"May 15,  2021",Edward,Satchel,Anna,Jenna,James,Jake,Alex,Lauren,Layla,Janelle,1962.5,309,221,264
55,"May 16,  2021",Edward,Anna,Jenna,Jake,Alex,Lauren,Layla,Chrissa,Satchel,Janelle,1963.0,311,222,262
56,"May 17,  2021",Edward,Anna,Jenna,Alex,Layla,Chrissa,Satchel,Alton,Charlie,Janelle,1974.0,312,222,265
57,"May 18,  2021",Edward,Anna,Alex,Layla,Chrissa,Satchel,Alton,Charlie,Jenna,Janelle,1991.5,315,223,268
58,"May 19,  2021",Edward,Alex,Layla,Satchel,Alton,Charlie,Jenna,Anna,Valerie,Janelle,1992.5,316,225,266
59,"May 20,  2021",Alex,Layla,Alton,Charlie,Anna,Valerie,George,Jake,Svelko,Janelle,1993.0,316,226,272
60,"May 22,  2021",Alex,Alton,Charlie,Anna,Valerie,Jake,Satchel,Paul,James,Janelle,2008.5,317,227,269
61,"May 23,  2021",Alex,Alton,Charlie,Anna,Valerie,Jake,Satchel,Paul,James,Ana,2014.0,317,228,270
62,"May 24,  2021",Alex,Charlie,Anna,Valerie,Jake,Satchel,Paul,James,Chrissa,Ana,2008.0,317,228,268
63,"May 25,  2021",Alex,Charlie,Valerie,Satchel,Paul,James,Jenna,Lauren,Alton,Ana,2017.0,317,228,271
64,"May 26,  2021",Alex,Charlie,Satchel,James,Jenna,Lauren,Alton,Svelko,Anna,Ana,1998.5,318,229,270
65,"May 27,  2021",Alex,Charlie,Satchel,James,Jenna,Alton,Svelko,Anna,Layla,Ana,2026.0,319,230,271
66,"May 29,  2021",Alex,Satchel,Jenna,Alton,Anna,George,Austin,Hillary,Jake,Charmaine,2027.0,321,230,270
67,"May 30,  2021",Alex,Satchel,Jenna,Alton,Anna,Austin,Hillary,Jake,Paul,Ana,2044.5,321,231,275
68,"May 31,  2021",Satchel,Jenna,Alton,Anna,Hillary,Paul,Alex,James,Charlie,Ana,2069.5,323,231,282
69,"June 01,  2021",Jenna,Alton,Anna,Hillary,Paul,Alex,James,Satchel,Chrissa,Ana,2063.5,323,231,280
70,"June 02,  2021",Jenna,Anna,Hillary,Paul,Alex,James,Satchel,Lauren,Edward,Ana,2067.5,322,231,282
71,"June 03,  2021",Jenna,Anna,Hillary,Alex,James,Satchel,Edward,Alton,Chrissa,Ana,2059.0,321,232,279
72,"June 05,  2021",Jenna,Hillary,Alex,James,Satchel,Alton,Chrissa,Lauren,Svelko,Ana,2067.5,321,233,281
73,"June 06,  2021",Hillary,Alex,James,Alton,Chrissa,Svelko,Edward,Anna,Jake,Ana,2069.0,322,234,280
74,"June 07,  2021",Alex,Alton,Chrissa,Svelko,Edward,Anna,Jake,Lauren,Jenna,Ana,2066.0,323,234,285
75,"June 08,  2021",Alex,Chrissa,Edward,Anna,Lauren,Alton,Satchel,Austin,Svelko,Ana,2077.0,324,234,288
76,"June 09,  2021",Alex,Chrissa,Edward,Anna,Alton,Satchel,Austin,Svelko,Valerie,Ana,2084.0,326,234,289
77,"June 10,  2021",Alex,Edward,Alton,Satchel,Austin,Valerie,George,Layla,Jake,Ana,2087.0,325,234,284
78,"June 12,  2021",Alex,Alton,Satchel,Austin,Valerie,George,Jake,Hillary,Lauren,Ana,2083.0,326,234,282
79,"June 13,  2021",Alex,Alton,Satchel,Austin,Valerie,George,Jake,Lauren,James,Ana,2086.5,325,235,283
80,"June 14,  2021",Alton,Satchel,Austin,Valerie,George,Lauren,James,Charlie,Jake,Ana,2092.0,325,236,284
81,"June 15,  2021",Satchel,Valerie,George,Lauren,Charlie,Jake,Edward,Alton,Chrissa,Ana,2101.0,325,236,287
82,"June 16,  2021",Satchel,George,Charlie,Edward,Alton,Chrissa,Lauren,Jake,Alex,Ana,2101.0,325,236,287
83,"June 17,  2021",Satchel,George,Charlie,Edward,Alton,Lauren,Alex,Jenna,Austin,Ana,2120.5,326,237,292
84,"June 19,  2021",Satchel,George,Charlie,Alton,Lauren,Jenna,Austin,Jake,Svelko,Ana,2097.0,326,238,290
85,"June 20,  2021",Satchel,Charlie,Lauren,Jenna,Austin,Jake,Svelko,Valerie,Paul,Ana,2078.0,327,238,283
86,"June 21,  2021",Satchel,Lauren,Jenna,Jake,Svelko,Valerie,Paul,George,Alton,Ana,2079.0,329,238,282
87,"June 22,  2021",Lauren,Jake,Svelko,Valerie,Paul,George,Anna,Satchel,Edward,Charmaine,2085.0,329,238,284
88,"June 23,  2021",Lauren,Jake,Svelko,Valerie,Paul,Anna,Edward,Alton,Alex,Charmaine,2074.0,331,238,279
89,"June 24,  2021",Lauren,Jake,Svelko,Valerie,Paul,Edward,Alex,Jenna,James,Charmaine,2087.5,331,239,276
90,"June 26,  2021",Lauren,Jake,Svelko,Valerie,Paul,Alex,James,George,Jenna,Charmaine,2055.5,331,239,272
91,"June 27,  2021",Jake,Svelko,Valerie,Paul,Alex,George,Jenna,Layla,Satchel,Charmaine,2072.0,334,240,268
92,"June 28,  2021",Jake,Svelko,Valerie,Paul,Alex,George,Jenna,Layla,Satchel,Charmaine,2052.5,336,241,266
93,"June 29,  2021",Jake,Svelko,Valerie,Paul,Alex,George,Jenna,Layla,Lauren,Charmaine,2090.0,336,242,271
94,"June 30,  2021",Jake,Svelko,Paul,Alex,Jenna,Layla,Lauren,James,Charlie,Charmaine,2102.0,336,242,275
95,"July 01,  2021",Jake,Paul,Jenna,Layla,Lauren,Charlie,Svelko,Hillary,Alton,Charmaine,2106.0,338,242,275
96,"July 03,  2021",Jake,Jenna,Layla,Lauren,Charlie,Hillary,Alton,James,Valerie,Charmaine,2090.5,338,243,269
97,"July 04,  2021",Jake,Jenna,Layla,Charlie,Alton,James,Valerie,Lauren,Austin,Charmaine,2095.5,339,243,270
98,"July 05,  2021",Jake,Jenna,Layla,Charlie,James,Valerie,Lauren,Austin,Paul,Charmaine,2101.0,339,244,271
99,"July 06,  2021",Jake,Jenna,Layla,Charlie,Valerie,Lauren,Paul,Satchel,Hillary,Charmaine,2110.5,338,245,274
100,"July 07,  2021",Jenna,Layla,Charlie,Valerie,Lauren,Paul,Satchel,Hillary,George,Ana,2113.0,338,246,274
101,"July 08,  2021",Jenna,Charlie,Valerie,Lauren,Paul,Satchel,Hillary,George,Svelko,Ana,2114.5,339,247,273
102,"July 10,  2021",Jenna,Charlie,Valerie,Paul,Satchel,George,Svelko,Layla,Jake,Janelle,2123.0,339,248,275
103,"July 11,  2021",Charlie,Paul,Satchel,George,Layla,Alex,Valerie,Anna,Alton,Janelle,2124.0,340,250,273
104,"July 12,  2021",Charlie,Paul,Satchel,George,Alex,Valerie,Anna,Alton,Lauren,Janelle,2120.5,340,251,271
105,"July 13,  2021",Paul,Satchel,George,Alex,Valerie,Alton,Lauren,Charlie,Svelko,Janelle,2108.0,341,252,272
106,"July 14,  2021",Satchel,George,Alex,Valerie,Alton,Lauren,Charlie,Jake,James,Janelle,2132.5,342,253,272
107,"July 15,  2021",George,Alex,Valerie,Alton,Lauren,Charlie,Jake,James,Satchel,Janelle,2147.0,342,254,276
108,"July 17,  2021",George,Alex,Valerie,Alton,Lauren,Jake,Satchel,Layla,Chrissa,Janelle,2141.0,342,254,274
109,"July 18,  2021",George,Alex,Alton,Lauren,Jake,Satchel,Chrissa,Hillary,James,Janelle,2142.0,344,254,273
110,"July 19,  2021",George,Alex,Alton,Lauren,Jake,Satchel,Chrissa,Hillary,James,Janelle,2130.0,344,254,269
111,"July 20,  2021",Alex,Lauren,Jake,Satchel,Chrissa,Hillary,James,Paul,Charlie,Janelle,2152.0,346,254,275
112,"July 21,  2021",Lauren,Satchel,Chrissa,Hillary,James,Paul,Valerie,Anna,Charlie,Charmaine,2157.5,346,255,276
113,"July 22,  2021",Lauren,Satchel,Chrissa,James,Paul,Valerie,Charlie,Alton,Svelko,Charmaine,2159.0,347,256,275
114,"July 24,  2021",Satchel,Chrissa,James,Valerie,Charlie,Alton,Svelko,Anna,Hillary,Janelle,2151.0,347,256,279
115,"July 25,  2021",Satchel,Chrissa,Valerie,Alton,Svelko,Hillary,James,Paul,George,Janelle,2167.5,348,255,278
116,"July 26,  2021",Chrissa,Valerie,Alton,Svelko,Hillary,James,George,Charlie,Lauren,Jacob,2170.0,348,256,278
117,"July 27,  2021",Chrissa,Valerie,Alton,Svelko,Hillary,James,George,Charlie,Lauren,Jacob,2151.0,350,256,277
118,"July 28,  2021",Valerie,Alton,Svelko,Hillary,James,George,Charlie,Lauren,Layla,Janelle,2161.5,350,257,273
119,"July 29,  2021",Valerie,Alton,Svelko,Hillary,George,Lauren,Layla,Edward,Paul,Janelle,2144.0,350,258,273
120,"July 31,  2021",Valerie,Alton,Svelko,George,Layla,Edward,Paul,Lauren,Jake,Janelle,2155.5,349,259,270
121,"August 01,  2021",Valerie,Svelko,George,Layla,Edward,Lauren,Alton,Jenna,Austin,Jacob,2139.0,350,260,263
122,"August 02,  2021",Valerie,Svelko,George,Layla,Lauren,Alton,Jenna,Austin,Satchel,Jacob,2132.5,348,261,268
123,"August 03,  2021",Valerie,George,Layla,Lauren,Jenna,Satchel,Charlie,Jake,Alex,Jacob,2163.0,349,262,270
124,"August 04,  2021",George,Layla,Lauren,Jenna,Charlie,Alex,Alton,Jake,Anna,Jacob,2182.0,351,262,275
125,"August 05,  2021",Layla,Lauren,Jenna,Charlie,Alex,Alton,Anna,Chrissa,Satchel,Jacob,2190.0,352,262,277
126,"August 07,  2021",Lauren,Jenna,Charlie,Alex,Anna,Chrissa,Satchel,Edward,George,Jacob,2186.5,352,263,275
127,"August 08,  2021",Jenna,Charlie,Alex,Anna,Chrissa,Edward,Lauren,Paul,Hillary,Jacob,2208.5,354,263,281
128,"August 09,  2021",Charlie,Alex,Anna,Edward,Paul,Satchel,Svelko,Layla,Valerie,Jacob,2213.5,355,263,282
129,"August 10,  2021",Charlie,Alex,Anna,Edward,Paul,Satchel,Svelko,Layla,Alton,Jacob,2190.0,355,264,280
130,"August 11,  2021",Charlie,Alex,Anna,Edward,Paul,Satchel,Svelko,Layla,Valerie,Jacob,2209.0,356,264,279
131,"August 12,  2021",Charlie,Anna,Edward,Paul,Satchel,Svelko,Layla,Chrissa,Valerie,Janelle,2207.0,358,264,277
132,"August 14,  2021",Charlie,Anna,Edward,Paul,Satchel,Svelko,Layla,Valerie,Austin,Janelle,2217.5,359,265,279
133,"August 15,  2021",Charlie,Anna,Paul,Satchel,Layla,Valerie,Austin,Chrissa,Lauren,Janelle,2220.5,359,265,280
134,"August 16,  2021",Charlie,Anna,Satchel,Layla,Valerie,Chrissa,Lauren,James,George,Janelle,2237.5,360,265,285
135,"August 17,  2021",Charlie,Satchel,Valerie,Chrissa,Lauren,James,George,Svelko,Layla,Janelle,2243.0,360,266,286
136,"August 18,  2021",Charlie,Satchel,Valerie,Lauren,James,George,Svelko,Layla,Hillary,Janelle,2237.0,360,266,284
137,"August 19,  2021",Charlie,Valerie,Lauren,James,George,Layla,Hillary,Chrissa,Jake,Janelle,2239.5,360,267,284
138,"August 21,  2021",Charlie,Lauren,George,Hillary,Chrissa,Valerie,Jenna,Svelko,Jake,Janelle,2249.5,359,267,288
139,"August 22,  2021",Charlie,Lauren,Hillary,Valerie,Jenna,Svelko,Edward,Paul,George,Janelle,2253.0,358,268,289
140,"August 23,  2021",Charlie,Lauren,Hillary,Valerie,Svelko,Paul,George,Chrissa,Anna,Janelle,2263.0,360,268,291
141,"August 24,  2021",Lauren,Hillary,Valerie,Svelko,Paul,Chrissa,Anna,Alton,Austin,Janelle,2269.0,360,268,293
142,"August 25,  2021",Lauren,Valerie,Svelko,Chrissa,Anna,Austin,Satchel,Jake,James,Janelle,2256.0,361,268,288
143,"August 26,  2021",Lauren,Valerie,Svelko,Chrissa,Anna,Austin,Satchel,James,Edward,Janelle,2237.5,362,269,287
144,"August 28,  2021",Valerie,Chrissa,Anna,Austin,James,Jake,Hillary,Lauren,Edward,Janelle,2260.5,362,269,288
145,"August 29,  2021",Valerie,Chrissa,Austin,James,Jake,Hillary,Edward,Alton,George,Janelle,2269.0,362,270,290
146,"August 30,  2021",Valerie,Austin,Jake,Hillary,Edward,Alton,Lauren,James,George,Janelle,2272.5,361,271,291
147,"August 31,  2021",Austin,Hillary,Edward,Lauren,James,George,Jenna,Valerie,Alex,Charmaine,2268.0,362,272,288
148,"September 01,  2021",Austin,Hillary,Lauren,James,George,Jenna,Valerie,Alton,Anna,Charmaine,2269.5,363,273,287
149,"September 02,  2021",Austin,Hillary,James,George,Jenna,Alton,Chrissa,Alex,Svelko,Charmaine,2270.0,362,274,287
150,"September 04,  2021",Austin,Hillary,James,George,Jenna,Alton,Chrissa,Svelko,Satchel,Charmaine,2247.5,361,275,286
151,"September 05,  2021",Austin,Hillary,James,Jenna,Alton,Svelko,Satchel,Alex,Valerie,Charmaine,2259.0,363,276,281
152,"September 06,  2021",Austin,Hillary,James,Jenna,Alton,Svelko,Satchel,Alex,Valerie,Charmaine,2264.0,364,276,282
153,"September 07,  2021",Hillary,James,Jenna,Alton,Satchel,Alex,Paul,Anna,Austin,Charmaine,2286.0,366,276,288
154,"September 08,  2021",Hillary,James,Jenna,Alton,Satchel,Alex,Paul,Anna,Austin,Janelle,2302.5,364,277,294
155,"September 09,  2021",Hillary,James,Jenna,Satchel,Alex,Anna,Austin,Chrissa,Svelko,Janelle,2290.0,365,278,295
156,"September 11,  2021",Hillary,James,Jenna,Satchel,Alex,Austin,Chrissa,Svelko,Charlie,Jacob,2290.5,367,279,293
157,"September 12,  2021",James,Satchel,Austin,Chrissa,Svelko,Charlie,Hillary,Alton,Lauren,Jacob,2287.0,367,280,291
158,"September 13,  2021",James,Satchel,Chrissa,Svelko,Charlie,Alton,Jake,Hillary,Alex,Jacob,2319.0,367,280,295
159,"September 14,  2021",James,Satchel,Chrissa,Svelko,Charlie,Alton,Jake,Hillary,Alex,Jacob,2314.5,368,281,292
160,"September 15,  2021",James,Satchel,Chrissa,Charlie,Alton,Hillary,Alex,Layla,Svelko,Jacob,2318.0,368,282,299
161,"September 16,  2021",James,Chrissa,Charlie,Alton,Hillary,Alex,Svelko,Jenna,Edward,Jacob,2334.0,369,282,297
162,"September 18,  2021",James,Chrissa,Charlie,Hillary,Alex,Svelko,Jenna,Edward,George,Ana,2335.5,370,283,296
163,"September 19,  2021",James,Chrissa,Hillary,Alex,Jenna,Edward,George,Lauren,Valerie,Ana,2334.0,371,284,294
164,"September 20,  2021",James,Chrissa,Alex,Jenna,Edward,Lauren,Valerie,Layla,Hillary,Ana,2339.5,371,285,295
165,"September 21,  2021",James,Chrissa,Alex,Edward,Lauren,Valerie,Hillary,Anna,Austin,Ana,2341.5,369,285,297
166,"September 22,  2021",James,Alex,Lauren,Hillary,Austin,Svelko,Edward,Layla,Jake,Ana,2323.5,370,285,297
167,"September 23,  2021",James,Lauren,Hillary,Austin,Svelko,Edward,Layla,Jake,Chrissa,Ana,2357.0,371,286,300
168,"September 25,  2021",James,Lauren,Austin,Svelko,Layla,Jake,Chrissa,Anna,Edward,Ana,2371.5,371,287,304
169,"September 26,  2021",James,Lauren,Svelko,Jake,Chrissa,Anna,Edward,Valerie,Satchel,Ana,2361.0,372,288,299
170,"September 27,  2021",James,Lauren,Jake,Chrissa,Anna,Edward,Valerie,Satchel,Austin,Ana,2355.0,372,288,297
171,"September 28,  2021",James,Lauren,Chrissa,Anna,Edward,Valerie,Satchel,Austin,Layla,Charmaine,2348.0,373,288,294
172,"September 29,  2021",James,Lauren,Chrissa,Anna,Valerie,Satchel,Austin,Jake,Jenna,Janelle,2343.5,374,289,291
173,"September 30,  2021",James,Lauren,Chrissa,Anna,Valerie,Satchel,Austin,Jake,Jenna,Charmaine,2346.5,374,289,292
174,"October 02,  2021",James,Chrissa,Valerie,Satchel,Jake,Svelko,Layla,George,Hillary,Jacob,2350.0,373,290,293
175,"October 03,  2021",James,Valerie,Satchel,Jake,Svelko,Layla,George,Hillary,Lauren,Charmaine,2369.5,374,291,298
176,"October 04,  2021",James,Valerie,Jake,Svelko,Layla,Hillary,Austin,Anna,George,Charmaine,2366.5,375,291,303
177,"October 05,  2021",James,Valerie,Jake,Layla,Hillary,Austin,Anna,George,Paul,Charmaine,2386.0,375,292,302
178,"October 06,  2021",James,Valerie,Jake,Layla,Hillary,Austin,Anna,George,Paul,Charmaine,2387.5,376,293,301
179,"October 07,  2021",James,Valerie,Layla,Austin,George,Paul,Satchel,Charlie,Anna,Charmaine,2406.5,377,295,305
180,"October 09,  2021",James,Layla,Austin,Paul,Charlie,Anna,Svelko,Alex,Edward,Charmaine,2409.0,377,296,305
181,"October 10,  2021",Layla,Austin,Paul,Anna,Svelko,Edward,Jenna,Hillary,George,Charmaine,2415.5,379,297,305
182,"October 11,  2021",Austin,Anna,Edward,Jenna,George,Chrissa,Lauren,Jake,Valerie,Charmaine,2423.5,380,297,307
183,"October 12,  2021",Austin,Edward,Jenna,George,Chrissa,Lauren,Jake,Valerie,Svelko,Charmaine,2417.0,380,298,304
184,"October 13,  2021",Edward,Jenna,George,Chrissa,Lauren,Jake,Svelko,Austin,Paul,Charmaine,2404.5,381,299,305
185,"October 14,  2021",Jenna,George,Chrissa,Lauren,Jake,Svelko,Austin,Paul,Layla,Charmaine,2406.0,382,300,304
186,"October 16,  2021",Jenna,Chrissa,Lauren,Jake,Svelko,Austin,Paul,Layla,Satchel,Ana,2427.0,384,300,303
187,"October 17,  2021",Jenna,Chrissa,Lauren,Jake,Austin,Paul,Layla,Satchel,Svelko,Charmaine,2417.0,386,300,305
188,"October 18,  2021",Chrissa,Jake,Paul,Layla,Satchel,Hillary,Alex,Lauren,James,Charmaine,2442.0,387,300,306
189,"October 19,  2021",Jake,Paul,Layla,Satchel,Alex,Lauren,James,Valerie,Austin,Charmaine,2461.5,388,301,311
190,"October 20,  2021",Paul,Layla,Alex,Lauren,James,Valerie,Jenna,Hillary,Austin,Charmaine,2466.0,389,302,311
191,"October 21,  2021",Paul,Layla,Lauren,James,Valerie,Hillary,Austin,Svelko,Alex,Charmaine,2448.5,389,303,311
192,"October 23,  2021",Paul,Lauren,James,Valerie,Hillary,Austin,Svelko,Satchel,Chrissa,Charmaine,2450.0,390,304,310
193,"October 24,  2021",Paul,Lauren,Valerie,Hillary,Svelko,Chrissa,George,Alex,Austin,Janelle,2468.0,389,304,310
194,"October 25,  2021",Lauren,Valerie,Svelko,Chrissa,Alex,James,Edward,Anna,George,Janelle,2471.0,389,304,311
195,"October 26,  2021",Lauren,Valerie,Svelko,Alex,James,Edward,George,Austin,Hillary,Janelle,2482.5,389,305,314
196,"October 27,  2021",Lauren,Valerie,Alex,James,Edward,George,Hillary,Paul,Svelko,Charmaine,2487.5,390,305,315
197,"October 28,  2021",Valerie,Alex,James,George,Paul,Svelko,Edward,Layla,Charlie,Charmaine,2507.0,391,306,320
198,"October 30,  2021",Valerie,James,George,Paul,Svelko,Layla,Charlie,Jenna,Jake,Charmaine,2503.0,392,306,318
199,"October 31,  2021",Valerie,James,Paul,Layla,Jenna,Jake,Lauren,Chrissa,Austin,Charmaine,2511.0,393,306,320
200,"November 01,  2021",Valerie,Paul,Layla,Jenna,Lauren,Austin,Charlie,James,Satchel,Charmaine,2510.5,393,307,319
201,"November 02,  2021",Paul,Layla,Lauren,Austin,James,Satchel,Jake,Edward,Hillary,Charmaine,2532.0,395,308,324
202,"November 03,  2021",Paul,Layla,Lauren,Austin,James,Satchel,Jake,Edward,Valerie,Charmaine,2534.5,395,309,324
203,"November 04,  2021",Paul,Layla,Austin,James,Satchel,Jake,Edward,Valerie,Chrissa,Charmaine,2534.5,395,309,324
204,"November 06,  2021",Paul,Austin,James,Satchel,Jake,Edward,Chrissa,Layla,Jenna,Charmaine,2537.0,395,310,324
205,"November 07,  2021",Paul,Austin,James,Satchel,Edward,Chrissa,Layla,Jenna,Charlie,Charmaine,2540.0,395,310,325
206,"November 08,  2021",Paul,Austin,James,Satchel,Edward,Chrissa,Layla,Charlie,Hillary,Charmaine,2553.5,396,311,328
207,"November 09,  2021",Austin,Satchel,Edward,Chrissa,Layla,Charlie,Valerie,George,Svelko,Ana,2563.0,398,312,329
208,"November 10,  2021",Austin,Edward,Layla,Charlie,George,Svelko,Hillary,Chrissa,Satchel,Janelle,2572.5,400,313,330
209,"November 11,  2021",Austin,Edward,Charlie,George,Svelko,Hillary,Chrissa,Satchel,Lauren,Janelle,2546.5,400,313,328
210,"November 13,  2021",Austin,Charlie,George,Svelko,Hillary,Chrissa,Lauren,Alex,Satchel,Janelle,2568.0,401,314,327
211,"November 14,  2021",Austin,George,Svelko,Hillary,Chrissa,Alex,Satchel,Edward,Anna,Janelle,2582.5,401,315,331
212,"November 15,  2021",George,Svelko,Chrissa,Satchel,Edward,Anna,Charlie,Jake,Hillary,Janelle,2590.0,402,316,332
213,"November 16,  2021",George,Svelko,Chrissa,Edward,Anna,Charlie,Jake,Hillary,Layla,Charmaine,2604.0,402,318,335
214,"November 17,  2021",George,Svelko,Chrissa,Anna,Charlie,Jake,Hillary,Layla,Edward,Charmaine,2602.5,403,319,333
215,"November 18,  2021",Svelko,Anna,Charlie,Jake,Hillary,Layla,Edward,Lauren,Chrissa,Charmaine,2605.5,403,319,334
216,"November 20,  2021",Svelko,Anna,Charlie,Jake,Hillary,Layla,Edward,Lauren,Chrissa,Charmaine,2589.0,405,320,333
217,"November 21,  2021",Svelko,Anna,Charlie,Jake,Hillary,Layla,Lauren,Chrissa,Jenna,Charmaine,2605.5,405,321,331
218,"November 22,  2021",Svelko,Anna,Charlie,Jake,Layla,Lauren,Jenna,Alex,George,Charmaine,2602.0,405,322,329
219,"November 23,  2021",Svelko,Anna,Jake,Lauren,Alex,George,Hillary,Valerie,Charlie,Charmaine,2618.5,406,323,333
220,"November 24,  2021",Svelko,Jake,Alex,George,Valerie,Charlie,Jenna,Chrissa,Anna,Charmaine,2609.5,406,323,330
221,"November 25,  2021",Svelko,Jake,George,Valerie,Charlie,Jenna,Chrissa,Anna,Edward,Charmaine,2641.0,407,324,339
222,"November 27,  2021",Svelko,Jake,George,Charlie,Jenna,Chrissa,Edward,Alton,Satchel,Charmaine,2658.0,408,324,344
223,"November 28,  2021",Svelko,Jake,George,Charlie,Jenna,Chrissa,Alton,Satchel,Paul,Charmaine,2650.5,407,325,348
224,"November 29,  2021",Jake,George,Charlie,Jenna,Chrissa,Alton,Satchel,Paul,Edward,Charmaine,2664.0,407,326,345
225,"November 30,  2021",Jake,Charlie,Jenna,Chrissa,Alton,Paul,Valerie,Lauren,George,Charmaine,2684.5,410,327,349
226,"December 01,  2021",Jake,Charlie,Jenna,Chrissa,Paul,Valerie,George,Austin,Alex,Charmaine,2700.5,412,327,353
227,"December 02,  2021",Jake,Charlie,Jenna,Chrissa,Paul,Valerie,George,Alex,Svelko,Charmaine,2677.0,412,328,351
228,"December 04,  2021",Jake,Jenna,Chrissa,Paul,George,Alex,Svelko,Layla,Charlie,Charmaine,2696.5,412,329,350
229,"December 05,  2021",Jake,Chrissa,George,Alex,Svelko,Layla,Charlie,Satchel,Anna,Charmaine,2694.0,411,330,349
230,"December 06,  2021",Jake,Chrissa,Alex,Layla,Charlie,Satchel,Anna,Lauren,Paul,Charmaine,2710.0,413,330,353
231,"December 07,  2021",Chrissa,Alex,Layla,Charlie,Satchel,Lauren,Paul,Jake,James,Charmaine,2711.0,412,330,354
232,"December 08,  2021",Alex,Charlie,Satchel,Lauren,Jake,James,Anna,Jenna,Svelko,Charmaine,2692.5,413,331,353
233,"December 09,  2021",Alex,Charlie,Lauren,Jake,Anna,Jenna,Paul,Hillary,Satchel,Charmaine,2720.0,411,332,356
234,"December 11,  2021",Charlie,Lauren,Jake,Anna,Jenna,Hillary,James,Austin,Alex,Charmaine,2733.5,412,333,359
235,"December 12,  2021",Charlie,Jake,Anna,Jenna,Hillary,James,Alex,Satchel,Lauren,Charmaine,2729.0,413,334,356
236,"December 13,  2021",Charlie,Anna,Jenna,Hillary,James,Alex,Satchel,Lauren,Edward,Charmaine,2741.0,413,334,360
237,"December 14,  2021",Charlie,Anna,Hillary,Alex,Lauren,Edward,Chrissa,Jenna,James,Charmaine,2727.5,414,335,354
238,"December 15,  2021",Charlie,Anna,Hillary,Alex,Lauren,Edward,Chrissa,Jenna,James,Charmaine,2718.5,414,335,351
239,"December 16,  2021",Anna,Hillary,Alex,Lauren,Chrissa,Jenna,James,Valerie,Alton,Ana,2702.5,412,335,347
240,"December 18,  2021",Anna,Hillary,Lauren,Jenna,James,Valerie,Charlie,Chrissa,Jake,Ana,2692.0,413,336,342
241,"December 19,  2021",Anna,Lauren,James,Valerie,Charlie,Chrissa,Jake,Alex,George,Ana,2696.0,412,336,344
242,"December 20,  2021",Anna,James,Valerie,Chrissa,Jake,George,Lauren,Alton,Paul,Charmaine,2696.0,412,336,344
243,"December 21,  2021",Anna,James,Valerie,Jake,George,Lauren,Alton,Edward,Charlie,Charmaine,2690.0,412,336,342
244,"December 22,  2021",Anna,Valerie,Jake,Lauren,Alton,Charlie,Hillary,Svelko,Layla,Jacob,2676.0,412,336,344
245,"December 23,  2021",Anna,Valerie,Jake,Lauren,Charlie,Hillary,Layla,Alton,Austin,Jacob,2692.0,413,336,342
246,"December 25,  2021",Anna,Jake,Charlie,Layla,Austin,George,Alex,Paul,Hillary,Jacob,2709.5,413,337,347
247,"December 26,  2021",Anna,Charlie,Austin,George,Alex,Hillary,Jake,James,Paul,Jacob,2713.0,415,338,346
248,"December 27,  2021",Charlie,George,Alex,Hillary,Jake,James,Paul,Valerie,Satchel,Jacob,2721.5,415,339,348
249,"December 28,  2021",Charlie,George,Alex,Jake,Paul,Valerie,Satchel,Austin,Edward,Jacob,2730.5,415,339,351
250,"December 29,  2021",Charlie,George,Jake,Paul,Satchel,Austin,Chrissa,Hillary,Lauren,Jacob,2741.5,416,339,354
251,"December 30,  2021",Charlie,Jake,Paul,Satchel,Austin,Chrissa,Hillary,Lauren,Layla,Jacob,2731.5,414,339,352
252,"January 01,  2022",Charlie,Paul,Satchel,Austin,Hillary,Lauren,Layla,Alton,Edward,Ana,2719.0,414,340,347
253,"January 02,  2022",Charlie,Paul,Satchel,Austin,Hillary,Lauren,Alton,Edward,Svelko,Ana,2704.0,414,340,342
254,"January 03,  2022",Charlie,Satchel,Austin,Lauren,Edward,Jenna,Anna,George,Alex,Charmaine,2685.5,414,341,335
255,"January 04,  2022",Charlie,Satchel,Austin,Lauren,Edward,Jenna,Anna,Alex,Alton,Charmaine,2674.5,416,341,330
256,"January 05,  2022",Satchel,Austin,Edward,Jenna,Anna,Alex,James,Alton,Paul,Charmaine,2676.5,417,341,330
257,"January 06,  2022",Austin,Jenna,Anna,Alex,James,Paul,Charlie,Hillary,Alton,Charmaine,2674.5,419,341,328
258,"January 08,  2022",Austin,Jenna,Anna,Alex,James,Paul,Charlie,Hillary,Alton,Janelle,2703.0,420,342,336
259,"January 09,  2022",Austin,Anna,Alex,Paul,Charlie,Hillary,Layla,Lauren,James,Janelle,2723.5,420,343,342
260,"January 10,  2022",Austin,Anna,Alex,Charlie,Layla,James,Valerie,Jenna,Chrissa,Janelle,2723.5,420,343,342
261,"January 11,  2022",Anna,Alex,Charlie,James,Jenna,Chrissa,Paul,Jake,Hillary,Janelle,2732.0,423,344,342
262,"January 12,  2022",Anna,Charlie,James,Jenna,Chrissa,Jake,George,Alton,Alex,Ana,2756.5,422,345,350
263,"January 13,  2022",Anna,Charlie,James,Jenna,Chrissa,Jake,George,Alex,Lauren,Charmaine,2761.5,423,345,351
264,"January 15,  2022",Anna,Charlie,Jenna,Chrissa,Jake,George,Alex,Paul,Austin,Charmaine,2769.0,424,346,352
265,"January 16,  2022",Anna,Charlie,Chrissa,Jake,George,Alex,Paul,Austin,Svelko,Charmaine,2750.5,425,347,351
266,"January 17,  2022",Charlie,Chrissa,Jake,George,Alex,Austin,Svelko,Lauren,Valerie,Charmaine,2776.0,425,348,352
267,"January 18,  2022",Charlie,Jake,Alex,Svelko,Valerie,James,Paul,Chrissa,Alton,Ana,2758.0,425,348,346
268,"January 19,  2022",Charlie,Jake,Alex,Valerie,Paul,Alton,Edward,James,Layla,Ana,2758.5,424,349,346
269,"January 20,  2022",Jake,Alex,Valerie,Alton,Edward,James,Layla,Charlie,Lauren,Ana,2759.5,423,349,347
270,"January 22,  2022",Jake,Alex,Valerie,Alton,Edward,Layla,Lauren,Paul,Austin,Ana,2763.5,425,349,347
271,"January 23,  2022",Jake,Alex,Alton,Edward,Layla,Lauren,Paul,Austin,Jenna,Ana,2748.5,425,349,342
272,"January 24,  2022",Alex,Alton,Edward,Layla,Lauren,Austin,Jenna,Anna,Paul,Ana,2753.5,426,349,343
273,"January 25,  2022",Alex,Alton,Edward,Lauren,Austin,Anna,Svelko,Hillary,Paul,Ana,2778.5,427,351,349
274,"January 26,  2022",Alex,Alton,Edward,Lauren,Anna,Hillary,Jake,Layla,Charlie,Ana,2787.0,427,352,351
275,"January 27,  2022",Alex,Edward,Lauren,Anna,Hillary,Jake,Charlie,Svelko,Layla,Ana,2772.0,428,352,352
276,"January 29,  2022",Edward,Lauren,Hillary,Charlie,Svelko,Layla,Alex,James,Paul,Ana,2794.5,428,353,352
277,"January 30,  2022",Edward,Lauren,Charlie,Svelko,Alex,James,Paul,Jenna,Alton,Ana,2777.0,428,354,352
278,"January 31,  2022",Edward,Charlie,Svelko,Alex,James,Paul,Jenna,Alton,Chrissa,Charmaine,2774.0,431,354,349
279,"February 01,  2022",Edward,Charlie,Svelko,Alex,Paul,Alton,Chrissa,Anna,James,Charmaine,2797.0,431,354,350
280,"February 02,  2022",Charlie,Alex,Paul,Alton,Anna,James,Lauren,Valerie,Austin,Charmaine,2822.5,432,355,357
281,"February 03,  2022",Alex,Paul,Alton,Anna,James,Lauren,Valerie,Hillary,Jake,Charmaine,2836.5,433,355,361
282,"February 05,  2022",Alex,Paul,Anna,James,Lauren,Valerie,Hillary,Jake,Chrissa,Charmaine,2824.5,433,355,357
283,"February 06,  2022",Alex,Paul,Anna,Lauren,Valerie,Hillary,Jake,Chrissa,Charlie,Janelle,2833.0,433,356,359
284,"February 07,  2022",Alex,Paul,Anna,Lauren,Valerie,Hillary,Jake,Charlie,Svelko,Janelle,2820.5,435,355,361
285,"February 08,  2022",Paul,Anna,Valerie,Hillary,Charlie,Satchel,Edward,Jenna,George,Charmaine,2838.0,437,356,358
286,"February 09,  2022",Paul,Anna,Valerie,Charlie,Satchel,Edward,George,Alton,Alex,Charmaine,2837.0,438,356,357
287,"February 10,  2022",Paul,Anna,Charlie,Satchel,Edward,George,Alex,Jake,Austin,Charmaine,2857.0,439,356,363
288,"February 12,  2022",Paul,Anna,Charlie,Satchel,George,Alex,Austin,Alton,Svelko,Charmaine,2852.5,440,357,360
289,"February 13,  2022",Paul,Anna,Charlie,Satchel,George,Alex,Alton,Svelko,Layla,Charmaine,2851.5,441,357,359
290,"February 14,  2022",Anna,Charlie,Satchel,Alex,Alton,Svelko,Layla,Austin,Paul,Jacob,2852.5,440,357,360
291,"February 15,  2022",Charlie,Satchel,Alex,Alton,Svelko,Layla,Paul,Chrissa,Edward,Jacob,2845.5,441,357,357
292,"February 16,  2022",Satchel,Alex,Alton,Layla,Paul,Chrissa,Jake,James,Lauren,Jacob,2862.0,442,358,361
293,"February 17,  2022",Alex,Alton,Layla,Chrissa,James,Lauren,Austin,Jenna,Paul,Jacob,2856.0,442,358,359
294,"February 19,  2022",Alton,Layla,Chrissa,James,Lauren,Austin,Jenna,Paul,Charlie,Charmaine,2851.5,441,357,359
295,"February 20,  2022",Layla,Chrissa,Lauren,Austin,Jenna,Paul,Charlie,George,Alton,Charmaine,2854.5,441,357,360
296,"February 21,  2022",Layla,Chrissa,Austin,Paul,Charlie,George,Alton,Jake,Valerie,Charmaine,2856.0,439,358,361
297,"February 22,  2022",Chrissa,Austin,Paul,Charlie,George,Alton,Jake,Anna,Edward,Charmaine,2867.0,437,358,366
298,"February 23,  2022",Chrissa,Austin,Charlie,George,Jake,Anna,Edward,James,Alton,Jacob,2868.5,438,359,365
299,"February 24,  2022",Chrissa,Charlie,George,Jake,Edward,James,Alton,Layla,Lauren,Jacob,2869.5,440,359,364
300,"February 26,  2022",Chrissa,Charlie,George,Jake,James,Alton,Layla,Lauren,Austin,Charmaine,2877.0,441,360,365
301,"February 27,  2022",Chrissa,Charlie,George,Jake,James,Alton,Lauren,Austin,Svelko,Charmaine,2907.5,443,361,373
302,"February 28,  2022",Chrissa,Charlie,Jake,James,Alton,Lauren,Svelko,Jenna,Hillary,Janelle,2922.0,443,362,377
303,"March 01,  2022",Chrissa,Charlie,Jake,James,Alton,Lauren,Svelko,Hillary,Layla,Janelle,2924.0,444,362,377
304,"March 02,  2022",Chrissa,Charlie,Jake,Alton,Lauren,Hillary,Layla,Jenna,Svelko,Janelle,2926.0,445,362,377
305,"March 03,  2022",Chrissa,Charlie,Jake,Alton,Lauren,Layla,Svelko,George,Edward,Jacob,2921.5,446,363,374
306,"March 05,  2022",Charlie,Alton,Lauren,Layla,George,Edward,Chrissa,Paul,Valerie,Ana,2929.0,447,364,375
307,"March 06,  2022",Charlie,Lauren,Layla,George,Chrissa,Paul,Valerie,Alton,Austin,Ana,2919.5,447,365,371
308,"March 07,  2022",Charlie,Lauren,Layla,George,Paul,Alton,Austin,Svelko,Anna,Ana,2888.5,446,365,368
309,"March 08,  2022",Charlie,Lauren,George,Alton,Austin,Svelko,Anna,Alex,Chrissa,Janelle,2917.0,446,366,370
310,"March 09,  2022",Lauren,George,Alton,Austin,Svelko,Alex,Chrissa,Valerie,Paul,Janelle,2907.0,444,366,368
311,"March 10,  2022",Lauren,George,Alton,Svelko,Chrissa,Valerie,Paul,Jenna,Layla,Janelle,2923.5,445,367,372
